{"cameraMode":{"drawMode":0,"name":"Shaded","section":"Shading Mode"},"sceneLighting":false,"audioPlay":false,"sceneViewState":{"m_AlwaysRefresh":false,"showFog":false,"showSkybox":false,"showFlares":false,"showImageEffects":false,"showParticleSystems":false,"showVisualEffectGraphs":true,"m_FxEnabled":true},"in2DMode":false,"pivot":{"x":-49.674949645996097,"y":77.97350311279297,"z":35.05473327636719},"rotation":{"x":0.004825965501368046,"y":0.9811455011367798,"z":-0.1916557103395462,"w":0.024731216952204706},"size":114.56383514404297,"orthographic":false}