{"cameraMode":{"drawMode":0,"name":"Shaded","section":"Shading Mode"},"sceneLighting":false,"audioPlay":false,"sceneViewState":{"m_AlwaysRefresh":false,"showFog":false,"showSkybox":false,"showFlares":false,"showImageEffects":false,"showParticleSystems":false,"showVisualEffectGraphs":true,"m_FxEnabled":true},"in2DMode":false,"pivot":{"x":0.046573981642723086,"y":1.053518295288086,"z":-0.17892837524414063},"rotation":{"x":-0.006729127373546362,"y":0.9780660271644592,"z":-0.20571796596050263,"w":-0.031993526965379718},"size":1.5573574304580689,"orthographic":false}